"ques_num","q_header","ques_keys","ques_type","question","missing_perc","tag"
"Q1","Q1","Q1","single_answer","What is your age (# years)?",0,"age"
"Q10","Q10_Part_1","Q10","multiple_answer","Which of the following hosted notebook products do you use on a regular basis?  (Select all that apply) - Selected Choice -  Kaggle Notebooks",14.17,"Notebook Products"
"Q10","Q10_Part_2","Q10","multiple_answer","Which of the following hosted notebook products do you use on a regular basis?  (Select all that apply) - Selected Choice - Colab Notebooks",14.17,"Notebook Products"
"Q10","Q10_Part_3","Q10","multiple_answer","Which of the following hosted notebook products do you use on a regular basis?  (Select all that apply) - Selected Choice - Azure Notebooks",14.17,"Notebook Products"
"Q10","Q10_Part_4","Q10","multiple_answer","Which of the following hosted notebook products do you use on a regular basis?  (Select all that apply) - Selected Choice -  Paperspace / Gradient ",14.17,"Notebook Products"
"Q10","Q10_Part_5","Q10","multiple_answer","Which of the following hosted notebook products do you use on a regular basis?  (Select all that apply) - Selected Choice -  Binder / JupyterHub ",14.17,"Notebook Products"
"Q10","Q10_Part_6","Q10","multiple_answer","Which of the following hosted notebook products do you use on a regular basis?  (Select all that apply) - Selected Choice -  Code Ocean ",14.17,"Notebook Products"
"Q10","Q10_Part_7","Q10","multiple_answer","Which of the following hosted notebook products do you use on a regular basis?  (Select all that apply) - Selected Choice -  IBM Watson Studio ",14.17,"Notebook Products"
"Q10","Q10_Part_8","Q10","multiple_answer","Which of the following hosted notebook products do you use on a regular basis?  (Select all that apply) - Selected Choice -  Amazon Sagemaker Studio ",14.17,"Notebook Products"
"Q10","Q10_Part_9","Q10","multiple_answer","Which of the following hosted notebook products do you use on a regular basis?  (Select all that apply) - Selected Choice -  Amazon EMR Notebooks ",14.17,"Notebook Products"
"Q10","Q10_Part_10","Q10","multiple_answer","Which of the following hosted notebook products do you use on a regular basis?  (Select all that apply) - Selected Choice - Google Cloud AI Platform Notebooks ",14.17,"Notebook Products"
"Q10","Q10_Part_11","Q10","multiple_answer","Which of the following hosted notebook products do you use on a regular basis?  (Select all that apply) - Selected Choice - Google Cloud Datalab Notebooks",14.17,"Notebook Products"
"Q10","Q10_Part_12","Q10","multiple_answer","Which of the following hosted notebook products do you use on a regular basis?  (Select all that apply) - Selected Choice -  Databricks Collaborative Notebooks ",14.17,"Notebook Products"
"Q10","Q10_Part_13","Q10","multiple_answer","Which of the following hosted notebook products do you use on a regular basis?  (Select all that apply) - Selected Choice - None",14.17,"Notebook Products"
"Q10","Q10_OTHER","Q10","multiple_answer","Which of the following hosted notebook products do you use on a regular basis?  (Select all that apply) - Selected Choice - Other",14.17,"Notebook Products"
"Q11","Q11","Q11","single_answer","What type of computing platform do you use most often for your data science projects? - Selected Choice",15.01,"Computing Platform"
"Q12","Q12_Part_1","Q12","multiple_answer","Which types of specialized hardware do you use on a regular basis?  (Select all that apply) - Selected Choice - GPUs",15.63,"Specialized Hardware"
"Q12","Q12_Part_2","Q12","multiple_answer","Which types of specialized hardware do you use on a regular basis?  (Select all that apply) - Selected Choice - TPUs",15.63,"Specialized Hardware"
"Q12","Q12_Part_3","Q12","multiple_answer","Which types of specialized hardware do you use on a regular basis?  (Select all that apply) - Selected Choice - None",15.63,"Specialized Hardware"
"Q12","Q12_OTHER","Q12","multiple_answer","Which types of specialized hardware do you use on a regular basis?  (Select all that apply) - Selected Choice - Other",15.63,"Specialized Hardware"
"Q13","Q13","Q13","single_answer","Approximately how many times have you used a TPU (tensor processing unit)?",16.25,"TPU Usage"
"Q14","Q14_Part_1","Q14","multiple_answer","What data visualization libraries or tools do you use on a regular basis?  (Select all that apply) - Selected Choice -  Matplotlib ",17.76,"Visualisation Tools"
"Q14","Q14_Part_2","Q14","multiple_answer","What data visualization libraries or tools do you use on a regular basis?  (Select all that apply) - Selected Choice -  Seaborn ",17.76,"Visualisation Tools"
"Q14","Q14_Part_3","Q14","multiple_answer","What data visualization libraries or tools do you use on a regular basis?  (Select all that apply) - Selected Choice -  Plotly / Plotly Express ",17.76,"Visualisation Tools"
"Q14","Q14_Part_4","Q14","multiple_answer","What data visualization libraries or tools do you use on a regular basis?  (Select all that apply) - Selected Choice -  Ggplot / ggplot2 ",17.76,"Visualisation Tools"
"Q14","Q14_Part_5","Q14","multiple_answer","What data visualization libraries or tools do you use on a regular basis?  (Select all that apply) - Selected Choice -  Shiny ",17.76,"Visualisation Tools"
"Q14","Q14_Part_6","Q14","multiple_answer","What data visualization libraries or tools do you use on a regular basis?  (Select all that apply) - Selected Choice -  D3 js ",17.76,"Visualisation Tools"
"Q14","Q14_Part_7","Q14","multiple_answer","What data visualization libraries or tools do you use on a regular basis?  (Select all that apply) - Selected Choice -  Altair ",17.76,"Visualisation Tools"
"Q14","Q14_Part_8","Q14","multiple_answer","What data visualization libraries or tools do you use on a regular basis?  (Select all that apply) - Selected Choice -  Bokeh ",17.76,"Visualisation Tools"
"Q14","Q14_Part_9","Q14","multiple_answer","What data visualization libraries or tools do you use on a regular basis?  (Select all that apply) - Selected Choice -  Geoplotlib ",17.76,"Visualisation Tools"
"Q14","Q14_Part_10","Q14","multiple_answer","What data visualization libraries or tools do you use on a regular basis?  (Select all that apply) - Selected Choice -  Leaflet / Folium ",17.76,"Visualisation Tools"
"Q14","Q14_Part_11","Q14","multiple_answer","What data visualization libraries or tools do you use on a regular basis?  (Select all that apply) - Selected Choice - None",17.76,"Visualisation Tools"
"Q14","Q14_OTHER","Q14","multiple_answer","What data visualization libraries or tools do you use on a regular basis?  (Select all that apply) - Selected Choice - Other",17.76,"Visualisation Tools"
"Q15","Q15","Q15","single_answer","For how many years have you used machine learning methods?",18.28,"Machine Learning Experience"
"Q16","Q16_Part_1","Q16","multiple_answer","Which of the following machine learning frameworks do you use on a regular basis? (Select all that apply) - Selected Choice -   Scikit-learn ",29.43,"ML Framework"
"Q16","Q16_Part_2","Q16","multiple_answer","Which of the following machine learning frameworks do you use on a regular basis? (Select all that apply) - Selected Choice -   TensorFlow ",29.43,"ML Framework"
"Q16","Q16_Part_3","Q16","multiple_answer","Which of the following machine learning frameworks do you use on a regular basis? (Select all that apply) - Selected Choice -  Keras ",29.43,"ML Framework"
"Q16","Q16_Part_4","Q16","multiple_answer","Which of the following machine learning frameworks do you use on a regular basis? (Select all that apply) - Selected Choice -  PyTorch ",29.43,"ML Framework"
"Q16","Q16_Part_5","Q16","multiple_answer","Which of the following machine learning frameworks do you use on a regular basis? (Select all that apply) - Selected Choice -  Fast.ai ",29.43,"ML Framework"
"Q16","Q16_Part_6","Q16","multiple_answer","Which of the following machine learning frameworks do you use on a regular basis? (Select all that apply) - Selected Choice -  MXNet ",29.43,"ML Framework"
"Q16","Q16_Part_7","Q16","multiple_answer","Which of the following machine learning frameworks do you use on a regular basis? (Select all that apply) - Selected Choice -  Xgboost ",29.43,"ML Framework"
"Q16","Q16_Part_8","Q16","multiple_answer","Which of the following machine learning frameworks do you use on a regular basis? (Select all that apply) - Selected Choice -  LightGBM ",29.43,"ML Framework"
"Q16","Q16_Part_9","Q16","multiple_answer","Which of the following machine learning frameworks do you use on a regular basis? (Select all that apply) - Selected Choice -  CatBoost ",29.43,"ML Framework"
"Q16","Q16_Part_10","Q16","multiple_answer","Which of the following machine learning frameworks do you use on a regular basis? (Select all that apply) - Selected Choice -  Prophet ",29.43,"ML Framework"
"Q16","Q16_Part_11","Q16","multiple_answer","Which of the following machine learning frameworks do you use on a regular basis? (Select all that apply) - Selected Choice -  H2O 3 ",29.43,"ML Framework"
"Q16","Q16_Part_12","Q16","multiple_answer","Which of the following machine learning frameworks do you use on a regular basis? (Select all that apply) - Selected Choice -  Caret ",29.43,"ML Framework"
"Q16","Q16_Part_13","Q16","multiple_answer","Which of the following machine learning frameworks do you use on a regular basis? (Select all that apply) - Selected Choice -  Tidymodels ",29.43,"ML Framework"
"Q16","Q16_Part_14","Q16","multiple_answer","Which of the following machine learning frameworks do you use on a regular basis? (Select all that apply) - Selected Choice -  JAX ",29.43,"ML Framework"
"Q16","Q16_Part_15","Q16","multiple_answer","Which of the following machine learning frameworks do you use on a regular basis? (Select all that apply) - Selected Choice - None",29.43,"ML Framework"
"Q16","Q16_OTHER","Q16","multiple_answer","Which of the following machine learning frameworks do you use on a regular basis? (Select all that apply) - Selected Choice - Other",29.43,"ML Framework"
"Q17","Q17_Part_1","Q17","multiple_answer","Which of the following ML algorithms do you use on a regular basis? (Select all that apply): - Selected Choice - Linear or Logistic Regression",30.63,"ML Algorithms"
"Q17","Q17_Part_2","Q17","multiple_answer","Which of the following ML algorithms do you use on a regular basis? (Select all that apply): - Selected Choice - Decision Trees or Random Forests",30.63,"ML Algorithms"
"Q17","Q17_Part_3","Q17","multiple_answer","Which of the following ML algorithms do you use on a regular basis? (Select all that apply): - Selected Choice - Gradient Boosting Machines (xgboost, lightgbm, etc)",30.63,"ML Algorithms"
"Q17","Q17_Part_4","Q17","multiple_answer","Which of the following ML algorithms do you use on a regular basis? (Select all that apply): - Selected Choice - Bayesian Approaches",30.63,"ML Algorithms"
"Q17","Q17_Part_5","Q17","multiple_answer","Which of the following ML algorithms do you use on a regular basis? (Select all that apply): - Selected Choice - Evolutionary Approaches",30.63,"ML Algorithms"
"Q17","Q17_Part_6","Q17","multiple_answer","Which of the following ML algorithms do you use on a regular basis? (Select all that apply): - Selected Choice - Dense Neural Networks (MLPs, etc)",30.63,"ML Algorithms"
"Q17","Q17_Part_7","Q17","multiple_answer","Which of the following ML algorithms do you use on a regular basis? (Select all that apply): - Selected Choice - Convolutional Neural Networks",30.63,"ML Algorithms"
"Q17","Q17_Part_8","Q17","multiple_answer","Which of the following ML algorithms do you use on a regular basis? (Select all that apply): - Selected Choice - Generative Adversarial Networks",30.63,"ML Algorithms"
"Q17","Q17_Part_9","Q17","multiple_answer","Which of the following ML algorithms do you use on a regular basis? (Select all that apply): - Selected Choice - Recurrent Neural Networks",30.63,"ML Algorithms"
"Q17","Q17_Part_10","Q17","multiple_answer","Which of the following ML algorithms do you use on a regular basis? (Select all that apply): - Selected Choice - Transformer Networks (BERT, gpt-3, etc)",30.63,"ML Algorithms"
"Q17","Q17_Part_11","Q17","multiple_answer","Which of the following ML algorithms do you use on a regular basis? (Select all that apply): - Selected Choice - None",30.63,"ML Algorithms"
"Q17","Q17_OTHER","Q17","multiple_answer","Which of the following ML algorithms do you use on a regular basis? (Select all that apply): - Selected Choice - Other",30.63,"ML Algorithms"
"Q18","Q18_Part_1","Q18","multiple_answer","Which categories of computer vision methods do you use on a regular basis?  (Select all that apply) - Selected Choice - General purpose image/video tools (PIL, cv2, skimage, etc)",70.49,"Computer Vision Methods"
"Q18","Q18_Part_2","Q18","multiple_answer","Which categories of computer vision methods do you use on a regular basis?  (Select all that apply) - Selected Choice - Image segmentation methods (U-Net, Mask R-CNN, etc)",70.49,"Computer Vision Methods"
"Q18","Q18_Part_3","Q18","multiple_answer","Which categories of computer vision methods do you use on a regular basis?  (Select all that apply) - Selected Choice - Object detection methods (YOLOv3, RetinaNet, etc)",70.49,"Computer Vision Methods"
"Q18","Q18_Part_4","Q18","multiple_answer","Which categories of computer vision methods do you use on a regular basis?  (Select all that apply) - Selected Choice - Image classification and other general purpose networks (VGG, Inception, ResNet, ResNeXt, NASNet, EfficientNet, etc)",70.49,"Computer Vision Methods"
"Q18","Q18_Part_5","Q18","multiple_answer","Which categories of computer vision methods do you use on a regular basis?  (Select all that apply) - Selected Choice - Generative Networks (GAN, VAE, etc)",70.49,"Computer Vision Methods"
"Q18","Q18_Part_6","Q18","multiple_answer","Which categories of computer vision methods do you use on a regular basis?  (Select all that apply) - Selected Choice - None",70.49,"Computer Vision Methods"
"Q18","Q18_OTHER","Q18","multiple_answer","Which categories of computer vision methods do you use on a regular basis?  (Select all that apply) - Selected Choice - Other",70.49,"Computer Vision Methods"
"Q19","Q19_Part_1","Q19","multiple_answer","Which of the following natural language processing (NLP) methods do you use on a regular basis?  (Select all that apply) - Selected Choice - Word embeddings/vectors (GLoVe, fastText, word2vec)",80.69,"NLP Methods"
"Q19","Q19_Part_2","Q19","multiple_answer","Which of the following natural language processing (NLP) methods do you use on a regular basis?  (Select all that apply) - Selected Choice - Encoder-decorder models (seq2seq, vanilla transformers)",80.69,"NLP Methods"
"Q19","Q19_Part_3","Q19","multiple_answer","Which of the following natural language processing (NLP) methods do you use on a regular basis?  (Select all that apply) - Selected Choice - Contextualized embeddings (ELMo, CoVe)",80.69,"NLP Methods"
"Q19","Q19_Part_4","Q19","multiple_answer","Which of the following natural language processing (NLP) methods do you use on a regular basis?  (Select all that apply) - Selected Choice - Transformer language models (GPT-3, BERT, XLnet, etc)",80.69,"NLP Methods"
"Q19","Q19_Part_5","Q19","multiple_answer","Which of the following natural language processing (NLP) methods do you use on a regular basis?  (Select all that apply) - Selected Choice - None",80.69,"NLP Methods"
"Q19","Q19_OTHER","Q19","multiple_answer","Which of the following natural language processing (NLP) methods do you use on a regular basis?  (Select all that apply) - Selected Choice - Other",80.69,"NLP Methods"
"Q2","Q2","Q2","single_answer","What is your gender? - Selected Choice",0,"gender"
"Q20","Q20","Q20","single_answer","What is the size of the company where you are employed?",43.09,"Company Size"
"Q21","Q21","Q21","single_answer","Approximately how many individuals are responsible for data science workloads at your place of business?",43.69,"Data Science Team Size"
"Q22","Q22","Q22","single_answer","Does your current employer incorporate machine learning methods into their business?",44.45,"ML in production"
"Q23","Q23_Part_1","Q23","multiple_answer","Select any activities that make up an important part of your role at work: (Select all that apply) - Selected Choice - Analyze and understand data to influence product or business decisions",45.62,"Work Responsibilites"
"Q23","Q23_Part_2","Q23","multiple_answer","Select any activities that make up an important part of your role at work: (Select all that apply) - Selected Choice - Build and/or run the data infrastructure that my business uses for storing, analyzing, and operationalizing data",45.62,"Work Responsibilites"
"Q23","Q23_Part_3","Q23","multiple_answer","Select any activities that make up an important part of your role at work: (Select all that apply) - Selected Choice - Build prototypes to explore applying machine learning to new areas",45.62,"Work Responsibilites"
"Q23","Q23_Part_4","Q23","multiple_answer","Select any activities that make up an important part of your role at work: (Select all that apply) - Selected Choice - Build and/or run a machine learning service that operationally improves my product or workflows",45.62,"Work Responsibilites"
"Q23","Q23_Part_5","Q23","multiple_answer","Select any activities that make up an important part of your role at work: (Select all that apply) - Selected Choice - Experimentation and iteration to improve existing ML models",45.62,"Work Responsibilites"
"Q23","Q23_Part_6","Q23","multiple_answer","Select any activities that make up an important part of your role at work: (Select all that apply) - Selected Choice - Do research that advances the state of the art of machine learning",45.62,"Work Responsibilites"
"Q23","Q23_Part_7","Q23","multiple_answer","Select any activities that make up an important part of your role at work: (Select all that apply) - Selected Choice - None of these activities are an important part of my role at work",45.62,"Work Responsibilites"
"Q23","Q23_OTHER","Q23","multiple_answer","Select any activities that make up an important part of your role at work: (Select all that apply) - Selected Choice - Other",45.62,"Work Responsibilites"
"Q24","Q24","Q24","single_answer","What is your current yearly compensation (approximate $USD)?",46.45,"Salary"
"Q25","Q25","Q25","single_answer","Approximately how much money have you (or your team) spent on machine learning and/or cloud computing services at home (or at work) in the past 5 years (approximate $USD)?",47.24,"ML & Cloud Spend"
"Q26","Q26_A_Part_1","Q26_A","multiple_answer","Which of the following cloud computing platforms do you use on a regular basis? (Select all that apply) - Selected Choice -  Amazon Web Services (AWS) ",23.46,"Cloud Computing Platforms"
"Q26","Q26_A_Part_2","Q26_A","multiple_answer","Which of the following cloud computing platforms do you use on a regular basis? (Select all that apply) - Selected Choice -  Microsoft Azure ",23.46,"Cloud Computing Platforms"
"Q26","Q26_A_Part_3","Q26_A","multiple_answer","Which of the following cloud computing platforms do you use on a regular basis? (Select all that apply) - Selected Choice -  Google Cloud Platform (GCP) ",23.46,"Cloud Computing Platforms"
"Q26","Q26_A_Part_4","Q26_A","multiple_answer","Which of the following cloud computing platforms do you use on a regular basis? (Select all that apply) - Selected Choice -  IBM Cloud / Red Hat ",23.46,"Cloud Computing Platforms"
"Q26","Q26_A_Part_5","Q26_A","multiple_answer","Which of the following cloud computing platforms do you use on a regular basis? (Select all that apply) - Selected Choice -  Oracle Cloud ",23.46,"Cloud Computing Platforms"
"Q26","Q26_A_Part_6","Q26_A","multiple_answer","Which of the following cloud computing platforms do you use on a regular basis? (Select all that apply) - Selected Choice -  SAP Cloud ",23.46,"Cloud Computing Platforms"
"Q26","Q26_A_Part_7","Q26_A","multiple_answer","Which of the following cloud computing platforms do you use on a regular basis? (Select all that apply) - Selected Choice -  Salesforce Cloud ",23.46,"Cloud Computing Platforms"
"Q26","Q26_A_Part_8","Q26_A","multiple_answer","Which of the following cloud computing platforms do you use on a regular basis? (Select all that apply) - Selected Choice -  VMware Cloud ",23.46,"Cloud Computing Platforms"
"Q26","Q26_A_Part_9","Q26_A","multiple_answer","Which of the following cloud computing platforms do you use on a regular basis? (Select all that apply) - Selected Choice -  Alibaba Cloud ",23.46,"Cloud Computing Platforms"
"Q26","Q26_A_Part_10","Q26_A","multiple_answer","Which of the following cloud computing platforms do you use on a regular basis? (Select all that apply) - Selected Choice -  Tencent Cloud ",23.46,"Cloud Computing Platforms"
"Q26","Q26_A_Part_11","Q26_A","multiple_answer","Which of the following cloud computing platforms do you use on a regular basis? (Select all that apply) - Selected Choice - None",23.46,"Cloud Computing Platforms"
"Q26","Q26_A_OTHER","Q26_A","multiple_answer","Which of the following cloud computing platforms do you use on a regular basis? (Select all that apply) - Selected Choice - Other",23.46,"Cloud Computing Platforms"
"Q26","Q26_B_Part_1","Q26_B","multiple_answer","Which of the following cloud computing platforms do you hope to become more familiar with in the next 2 years? - Selected Choice -  Amazon Web Services (AWS) ",23.46,"Cloud Computing Platforms"
"Q26","Q26_B_Part_2","Q26_B","multiple_answer","Which of the following cloud computing platforms do you hope to become more familiar with in the next 2 years? - Selected Choice -  Microsoft Azure ",23.46,"Cloud Computing Platforms"
"Q26","Q26_B_Part_3","Q26_B","multiple_answer","Which of the following cloud computing platforms do you hope to become more familiar with in the next 2 years? - Selected Choice -  Google Cloud Platform (GCP) ",23.46,"Cloud Computing Platforms"
"Q26","Q26_B_Part_4","Q26_B","multiple_answer","Which of the following cloud computing platforms do you hope to become more familiar with in the next 2 years? - Selected Choice -  IBM Cloud / Red Hat ",23.46,"Cloud Computing Platforms"
"Q26","Q26_B_Part_5","Q26_B","multiple_answer","Which of the following cloud computing platforms do you hope to become more familiar with in the next 2 years? - Selected Choice -  Oracle Cloud ",23.46,"Cloud Computing Platforms"
"Q26","Q26_B_Part_6","Q26_B","multiple_answer","Which of the following cloud computing platforms do you hope to become more familiar with in the next 2 years? - Selected Choice -  SAP Cloud ",23.46,"Cloud Computing Platforms"
"Q26","Q26_B_Part_7","Q26_B","multiple_answer","Which of the following cloud computing platforms do you hope to become more familiar with in the next 2 years? - Selected Choice -  VMware Cloud ",23.46,"Cloud Computing Platforms"
"Q26","Q26_B_Part_8","Q26_B","multiple_answer","Which of the following cloud computing platforms do you hope to become more familiar with in the next 2 years? - Selected Choice -  Salesforce Cloud ",23.46,"Cloud Computing Platforms"
"Q26","Q26_B_Part_9","Q26_B","multiple_answer","Which of the following cloud computing platforms do you hope to become more familiar with in the next 2 years? - Selected Choice -  Alibaba Cloud ",23.46,"Cloud Computing Platforms"
"Q26","Q26_B_Part_10","Q26_B","multiple_answer","Which of the following cloud computing platforms do you hope to become more familiar with in the next 2 years? - Selected Choice -  Tencent Cloud ",23.46,"Cloud Computing Platforms"
"Q26","Q26_B_Part_11","Q26_B","multiple_answer","Which of the following cloud computing platforms do you hope to become more familiar with in the next 2 years? - Selected Choice - None",23.46,"Cloud Computing Platforms"
"Q26","Q26_B_OTHER","Q26_B","multiple_answer","Which of the following cloud computing platforms do you hope to become more familiar with in the next 2 years? - Selected Choice - Other",23.46,"Cloud Computing Platforms"
"Q27","Q27_A_Part_1","Q27_A","multiple_answer","Do you use any of the following cloud computing products on a regular basis? (Select all that apply) - Selected Choice -  Amazon EC2 ",43.14,"Cloud Computing Products"
"Q27","Q27_A_Part_2","Q27_A","multiple_answer","Do you use any of the following cloud computing products on a regular basis? (Select all that apply) - Selected Choice -  AWS Lambda ",43.14,"Cloud Computing Products"
"Q27","Q27_A_Part_3","Q27_A","multiple_answer","Do you use any of the following cloud computing products on a regular basis? (Select all that apply) - Selected Choice -  Amazon Elastic Container Service ",43.14,"Cloud Computing Products"
"Q27","Q27_A_Part_4","Q27_A","multiple_answer","Do you use any of the following cloud computing products on a regular basis? (Select all that apply) - Selected Choice -  Azure Cloud Services ",43.14,"Cloud Computing Products"
"Q27","Q27_A_Part_5","Q27_A","multiple_answer","Do you use any of the following cloud computing products on a regular basis? (Select all that apply) - Selected Choice -  Microsoft Azure Container Instances ",43.14,"Cloud Computing Products"
"Q27","Q27_A_Part_6","Q27_A","multiple_answer","Do you use any of the following cloud computing products on a regular basis? (Select all that apply) - Selected Choice -  Azure Functions ",43.14,"Cloud Computing Products"
"Q27","Q27_A_Part_7","Q27_A","multiple_answer","Do you use any of the following cloud computing products on a regular basis? (Select all that apply) - Selected Choice -  Google Cloud Compute Engine ",43.14,"Cloud Computing Products"
"Q27","Q27_A_Part_8","Q27_A","multiple_answer","Do you use any of the following cloud computing products on a regular basis? (Select all that apply) - Selected Choice -  Google Cloud Functions ",43.14,"Cloud Computing Products"
"Q27","Q27_A_Part_9","Q27_A","multiple_answer","Do you use any of the following cloud computing products on a regular basis? (Select all that apply) - Selected Choice -  Google Cloud Run ",43.14,"Cloud Computing Products"
"Q27","Q27_A_Part_10","Q27_A","multiple_answer","Do you use any of the following cloud computing products on a regular basis? (Select all that apply) - Selected Choice -  Google Cloud App Engine ",43.14,"Cloud Computing Products"
"Q27","Q27_A_Part_11","Q27_A","multiple_answer","Do you use any of the following cloud computing products on a regular basis? (Select all that apply) - Selected Choice - No / None",43.14,"Cloud Computing Products"
"Q27","Q27_A_OTHER","Q27_A","multiple_answer","Do you use any of the following cloud computing products on a regular basis? (Select all that apply) - Selected Choice - Other",43.14,"Cloud Computing Products"
"Q27","Q27_B_Part_1","Q27_B","multiple_answer","In the next 2 years, do you hope to become more familiar with any of these specific cloud computing products? (Select all that apply) - Selected Choice -  Amazon EC2 ",43.14,"Cloud Computing Products"
"Q27","Q27_B_Part_2","Q27_B","multiple_answer","In the next 2 years, do you hope to become more familiar with any of these specific cloud computing products? (Select all that apply) - Selected Choice -  AWS Lambda ",43.14,"Cloud Computing Products"
"Q27","Q27_B_Part_3","Q27_B","multiple_answer","In the next 2 years, do you hope to become more familiar with any of these specific cloud computing products? (Select all that apply) - Selected Choice -  Amazon Elastic Container Service ",43.14,"Cloud Computing Products"
"Q27","Q27_B_Part_4","Q27_B","multiple_answer","In the next 2 years, do you hope to become more familiar with any of these specific cloud computing products? (Select all that apply) - Selected Choice -  Azure Cloud Services ",43.14,"Cloud Computing Products"
"Q27","Q27_B_Part_5","Q27_B","multiple_answer","In the next 2 years, do you hope to become more familiar with any of these specific cloud computing products? (Select all that apply) - Selected Choice -  Microsoft Azure Container Instances ",43.14,"Cloud Computing Products"
"Q27","Q27_B_Part_6","Q27_B","multiple_answer","In the next 2 years, do you hope to become more familiar with any of these specific cloud computing products? (Select all that apply) - Selected Choice -  Azure Functions ",43.14,"Cloud Computing Products"
"Q27","Q27_B_Part_7","Q27_B","multiple_answer","In the next 2 years, do you hope to become more familiar with any of these specific cloud computing products? (Select all that apply) - Selected Choice -  Google Cloud Compute Engine ",43.14,"Cloud Computing Products"
"Q27","Q27_B_Part_8","Q27_B","multiple_answer","In the next 2 years, do you hope to become more familiar with any of these specific cloud computing products? (Select all that apply) - Selected Choice -  Google Cloud Functions ",43.14,"Cloud Computing Products"
"Q27","Q27_B_Part_9","Q27_B","multiple_answer","In the next 2 years, do you hope to become more familiar with any of these specific cloud computing products? (Select all that apply) - Selected Choice -  Google Cloud Run ",43.14,"Cloud Computing Products"
"Q27","Q27_B_Part_10","Q27_B","multiple_answer","In the next 2 years, do you hope to become more familiar with any of these specific cloud computing products? (Select all that apply) - Selected Choice -  Google Cloud App Engine ",43.14,"Cloud Computing Products"
"Q27","Q27_B_Part_11","Q27_B","multiple_answer","In the next 2 years, do you hope to become more familiar with any of these specific cloud computing products? (Select all that apply) - Selected Choice - None",43.14,"Cloud Computing Products"
"Q27","Q27_B_OTHER","Q27_B","multiple_answer","In the next 2 years, do you hope to become more familiar with any of these specific cloud computing products? (Select all that apply) - Selected Choice - Other",43.14,"Cloud Computing Products"
"Q28","Q28_A_Part_1","Q28_A","multiple_answer","Do you use any of the following machine learning products on a regular basis? (Select all that apply) - Selected Choice -  Amazon SageMaker ",44.28,"Machine Learning Products"
"Q28","Q28_A_Part_2","Q28_A","multiple_answer","Do you use any of the following machine learning products on a regular basis? (Select all that apply) - Selected Choice -  Amazon Forecast ",44.28,"Machine Learning Products"
"Q28","Q28_A_Part_3","Q28_A","multiple_answer","Do you use any of the following machine learning products on a regular basis? (Select all that apply) - Selected Choice -  Amazon Rekognition ",44.28,"Machine Learning Products"
"Q28","Q28_A_Part_4","Q28_A","multiple_answer","Do you use any of the following machine learning products on a regular basis? (Select all that apply) - Selected Choice -  Azure Machine Learning Studio ",44.28,"Machine Learning Products"
"Q28","Q28_A_Part_5","Q28_A","multiple_answer","Do you use any of the following machine learning products on a regular basis? (Select all that apply) - Selected Choice -  Azure Cognitive Services ",44.28,"Machine Learning Products"
"Q28","Q28_A_Part_6","Q28_A","multiple_answer","Do you use any of the following machine learning products on a regular basis? (Select all that apply) - Selected Choice -  Google Cloud AI Platform / Google Cloud ML Engine",44.28,"Machine Learning Products"
"Q28","Q28_A_Part_7","Q28_A","multiple_answer","Do you use any of the following machine learning products on a regular basis? (Select all that apply) - Selected Choice -  Google Cloud Video AI ",44.28,"Machine Learning Products"
"Q28","Q28_A_Part_8","Q28_A","multiple_answer","Do you use any of the following machine learning products on a regular basis? (Select all that apply) - Selected Choice -  Google Cloud Natural Language ",44.28,"Machine Learning Products"
"Q28","Q28_A_Part_9","Q28_A","multiple_answer","Do you use any of the following machine learning products on a regular basis? (Select all that apply) - Selected Choice -  Google Cloud Vision AI ",44.28,"Machine Learning Products"
"Q28","Q28_A_Part_10","Q28_A","multiple_answer","Do you use any of the following machine learning products on a regular basis? (Select all that apply) - Selected Choice - No / None",44.28,"Machine Learning Products"
"Q28","Q28_A_OTHER","Q28_A","multiple_answer","Do you use any of the following machine learning products on a regular basis? (Select all that apply) - Selected Choice - Other",44.28,"Machine Learning Products"
"Q28","Q28_B_Part_1","Q28_B","multiple_answer","In the next 2 years, do you hope to become more familiar with any of these specific machine learning products? (Select all that apply) - Selected Choice -  Amazon SageMaker ",44.28,"Machine Learning Products"
"Q28","Q28_B_Part_2","Q28_B","multiple_answer","In the next 2 years, do you hope to become more familiar with any of these specific machine learning products? (Select all that apply) - Selected Choice -  Amazon Forecast ",44.28,"Machine Learning Products"
"Q28","Q28_B_Part_3","Q28_B","multiple_answer","In the next 2 years, do you hope to become more familiar with any of these specific machine learning products? (Select all that apply) - Selected Choice -  Amazon Rekognition ",44.28,"Machine Learning Products"
"Q28","Q28_B_Part_4","Q28_B","multiple_answer","In the next 2 years, do you hope to become more familiar with any of these specific machine learning products? (Select all that apply) - Selected Choice -  Azure Machine Learning Studio ",44.28,"Machine Learning Products"
"Q28","Q28_B_Part_5","Q28_B","multiple_answer","In the next 2 years, do you hope to become more familiar with any of these specific machine learning products? (Select all that apply) - Selected Choice -  Azure Cognitive Services ",44.28,"Machine Learning Products"
"Q28","Q28_B_Part_6","Q28_B","multiple_answer","In the next 2 years, do you hope to become more familiar with any of these specific machine learning products? (Select all that apply) - Selected Choice -  Google Cloud AI Platform / Google Cloud ML Engine",44.28,"Machine Learning Products"
"Q28","Q28_B_Part_7","Q28_B","multiple_answer","In the next 2 years, do you hope to become more familiar with any of these specific machine learning products? (Select all that apply) - Selected Choice -  Google Cloud Video AI ",44.28,"Machine Learning Products"
"Q28","Q28_B_Part_8","Q28_B","multiple_answer","In the next 2 years, do you hope to become more familiar with any of these specific machine learning products? (Select all that apply) - Selected Choice -  Google Cloud Natural Language ",44.28,"Machine Learning Products"
"Q28","Q28_B_Part_9","Q28_B","multiple_answer","In the next 2 years, do you hope to become more familiar with any of these specific machine learning products? (Select all that apply) - Selected Choice -  Google Cloud Vision AI ",44.28,"Machine Learning Products"
"Q28","Q28_B_Part_10","Q28_B","multiple_answer","In the next 2 years, do you hope to become more familiar with any of these specific machine learning products? (Select all that apply) - Selected Choice - None",44.28,"Machine Learning Products"
"Q28","Q28_B_OTHER","Q28_B","multiple_answer","In the next 2 years, do you hope to become more familiar with any of these specific machine learning products? (Select all that apply) - Selected Choice - Other",44.28,"Machine Learning Products"
"Q29","Q29_A_Part_1","Q29_A","multiple_answer","Which of the following big data products (relational databases, data warehouses, data lakes, or similar) do you use on a regular basis? (Select all that apply) - Selected Choice - MySQL ",27.32,"Big Data Products"
"Q29","Q29_A_Part_2","Q29_A","multiple_answer","Which of the following big data products (relational databases, data warehouses, data lakes, or similar) do you use on a regular basis? (Select all that apply) - Selected Choice - PostgresSQL ",27.32,"Big Data Products"
"Q29","Q29_A_Part_3","Q29_A","multiple_answer","Which of the following big data products (relational databases, data warehouses, data lakes, or similar) do you use on a regular basis? (Select all that apply) - Selected Choice - SQLite ",27.32,"Big Data Products"
"Q29","Q29_A_Part_4","Q29_A","multiple_answer","Which of the following big data products (relational databases, data warehouses, data lakes, or similar) do you use on a regular basis? (Select all that apply) - Selected Choice - Oracle Database ",27.32,"Big Data Products"
"Q29","Q29_A_Part_5","Q29_A","multiple_answer","Which of the following big data products (relational databases, data warehouses, data lakes, or similar) do you use on a regular basis? (Select all that apply) - Selected Choice - MongoDB ",27.32,"Big Data Products"
"Q29","Q29_A_Part_6","Q29_A","multiple_answer","Which of the following big data products (relational databases, data warehouses, data lakes, or similar) do you use on a regular basis? (Select all that apply) - Selected Choice - Snowflake ",27.32,"Big Data Products"
"Q29","Q29_A_Part_7","Q29_A","multiple_answer","Which of the following big data products (relational databases, data warehouses, data lakes, or similar) do you use on a regular basis? (Select all that apply) - Selected Choice - IBM Db2 ",27.32,"Big Data Products"
"Q29","Q29_A_Part_8","Q29_A","multiple_answer","Which of the following big data products (relational databases, data warehouses, data lakes, or similar) do you use on a regular basis? (Select all that apply) - Selected Choice - Microsoft SQL Server ",27.32,"Big Data Products"
"Q29","Q29_A_Part_9","Q29_A","multiple_answer","Which of the following big data products (relational databases, data warehouses, data lakes, or similar) do you use on a regular basis? (Select all that apply) - Selected Choice - Microsoft Access ",27.32,"Big Data Products"
"Q29","Q29_A_Part_10","Q29_A","multiple_answer","Which of the following big data products (relational databases, data warehouses, data lakes, or similar) do you use on a regular basis? (Select all that apply) - Selected Choice - Microsoft Azure Data Lake Storage ",27.32,"Big Data Products"
"Q29","Q29_A_Part_11","Q29_A","multiple_answer","Which of the following big data products (relational databases, data warehouses, data lakes, or similar) do you use on a regular basis? (Select all that apply) - Selected Choice - Amazon Redshift ",27.32,"Big Data Products"
"Q29","Q29_A_Part_12","Q29_A","multiple_answer","Which of the following big data products (relational databases, data warehouses, data lakes, or similar) do you use on a regular basis? (Select all that apply) - Selected Choice - Amazon Athena ",27.32,"Big Data Products"
"Q29","Q29_A_Part_13","Q29_A","multiple_answer","Which of the following big data products (relational databases, data warehouses, data lakes, or similar) do you use on a regular basis? (Select all that apply) - Selected Choice - Amazon DynamoDB ",27.32,"Big Data Products"
"Q29","Q29_A_Part_14","Q29_A","multiple_answer","Which of the following big data products (relational databases, data warehouses, data lakes, or similar) do you use on a regular basis? (Select all that apply) - Selected Choice - Google Cloud BigQuery ",27.32,"Big Data Products"
"Q29","Q29_A_Part_15","Q29_A","multiple_answer","Which of the following big data products (relational databases, data warehouses, data lakes, or similar) do you use on a regular basis? (Select all that apply) - Selected Choice - Google Cloud SQL ",27.32,"Big Data Products"
"Q29","Q29_A_Part_16","Q29_A","multiple_answer","Which of the following big data products (relational databases, data warehouses, data lakes, or similar) do you use on a regular basis? (Select all that apply) - Selected Choice - Google Cloud Firestore ",27.32,"Big Data Products"
"Q29","Q29_A_Part_17","Q29_A","multiple_answer","Which of the following big data products (relational databases, data warehouses, data lakes, or similar) do you use on a regular basis? (Select all that apply) - Selected Choice - None",27.32,"Big Data Products"
"Q29","Q29_A_OTHER","Q29_A","multiple_answer","Which of the following big data products (relational databases, data warehouses, data lakes, or similar) do you use on a regular basis? (Select all that apply) - Selected Choice - Other",27.32,"Big Data Products"
"Q29","Q29_B_Part_1","Q29_B","multiple_answer","Which of the following big data products (relational databases, data warehouses, data lakes, or similar) do you hope to become more familiar with in the next 2 years? (Select all that apply) - Selected Choice - MySQL ",27.32,"Big Data Products"
"Q29","Q29_B_Part_2","Q29_B","multiple_answer","Which of the following big data products (relational databases, data warehouses, data lakes, or similar) do you hope to become more familiar with in the next 2 years? (Select all that apply) - Selected Choice - PostgresSQL ",27.32,"Big Data Products"
"Q29","Q29_B_Part_3","Q29_B","multiple_answer","Which of the following big data products (relational databases, data warehouses, data lakes, or similar) do you hope to become more familiar with in the next 2 years? (Select all that apply) - Selected Choice - SQLite ",27.32,"Big Data Products"
"Q29","Q29_B_Part_4","Q29_B","multiple_answer","Which of the following big data products (relational databases, data warehouses, data lakes, or similar) do you hope to become more familiar with in the next 2 years? (Select all that apply) - Selected Choice - Oracle Database ",27.32,"Big Data Products"
"Q29","Q29_B_Part_5","Q29_B","multiple_answer","Which of the following big data products (relational databases, data warehouses, data lakes, or similar) do you hope to become more familiar with in the next 2 years? (Select all that apply) - Selected Choice - MongoDB ",27.32,"Big Data Products"
"Q29","Q29_B_Part_6","Q29_B","multiple_answer","Which of the following big data products (relational databases, data warehouses, data lakes, or similar) do you hope to become more familiar with in the next 2 years? (Select all that apply) - Selected Choice - Snowflake ",27.32,"Big Data Products"
"Q29","Q29_B_Part_7","Q29_B","multiple_answer","Which of the following big data products (relational databases, data warehouses, data lakes, or similar) do you hope to become more familiar with in the next 2 years? (Select all that apply) - Selected Choice - IBM Db2 ",27.32,"Big Data Products"
"Q29","Q29_B_Part_8","Q29_B","multiple_answer","Which of the following big data products (relational databases, data warehouses, data lakes, or similar) do you hope to become more familiar with in the next 2 years? (Select all that apply) - Selected Choice - Microsoft SQL Server ",27.32,"Big Data Products"
"Q29","Q29_B_Part_9","Q29_B","multiple_answer","Which of the following big data products (relational databases, data warehouses, data lakes, or similar) do you hope to become more familiar with in the next 2 years? (Select all that apply) - Selected Choice - Microsoft Access ",27.32,"Big Data Products"
"Q29","Q29_B_Part_10","Q29_B","multiple_answer","Which of the following big data products (relational databases, data warehouses, data lakes, or similar) do you hope to become more familiar with in the next 2 years? (Select all that apply) - Selected Choice - Microsoft Azure Data Lake Storage ",27.32,"Big Data Products"
"Q29","Q29_B_Part_11","Q29_B","multiple_answer","Which of the following big data products (relational databases, data warehouses, data lakes, or similar) do you hope to become more familiar with in the next 2 years? (Select all that apply) - Selected Choice - Amazon Redshift ",27.32,"Big Data Products"
"Q29","Q29_B_Part_12","Q29_B","multiple_answer","Which of the following big data products (relational databases, data warehouses, data lakes, or similar) do you hope to become more familiar with in the next 2 years? (Select all that apply) - Selected Choice - Amazon Athena ",27.32,"Big Data Products"
"Q29","Q29_B_Part_13","Q29_B","multiple_answer","Which of the following big data products (relational databases, data warehouses, data lakes, or similar) do you hope to become more familiar with in the next 2 years? (Select all that apply) - Selected Choice - Amazon DynamoDB ",27.32,"Big Data Products"
"Q29","Q29_B_Part_14","Q29_B","multiple_answer","Which of the following big data products (relational databases, data warehouses, data lakes, or similar) do you hope to become more familiar with in the next 2 years? (Select all that apply) - Selected Choice - Google Cloud BigQuery ",27.32,"Big Data Products"
"Q29","Q29_B_Part_15","Q29_B","multiple_answer","Which of the following big data products (relational databases, data warehouses, data lakes, or similar) do you hope to become more familiar with in the next 2 years? (Select all that apply) - Selected Choice - Google Cloud SQL ",27.32,"Big Data Products"
"Q29","Q29_B_Part_16","Q29_B","multiple_answer","Which of the following big data products (relational databases, data warehouses, data lakes, or similar) do you hope to become more familiar with in the next 2 years? (Select all that apply) - Selected Choice - Google Cloud Firestore ",27.32,"Big Data Products"
"Q29","Q29_B_Part_17","Q29_B","multiple_answer","Which of the following big data products (relational databases, data warehouses, data lakes, or similar) do you hope to become more familiar with in the next 2 years? (Select all that apply) - Selected Choice - None",27.32,"Big Data Products"
"Q29","Q29_B_OTHER","Q29_B","multiple_answer","Which of the following big data products (relational databases, data warehouses, data lakes, or similar) do you hope to become more familiar with in the next 2 years? (Select all that apply) - Selected Choice - Other",27.32,"Big Data Products"
"Q3","Q3","Q3","single_answer","In which country do you currently reside?",0,"country of residence"
"Q30","Q30","Q30","single_answer","Which of the following big data products (relational database, data warehouse, data lake, or similar) do you use most often? - Selected Choice",82.46,"Big Data Products Most Often"
"Q31","Q31_A_Part_1","Q31_A","multiple_answer","Which of the following business intelligence tools do you use on a regular basis? (Select all that apply) - Selected Choice - Amazon QuickSight",28.79,"BI Tools"
"Q31","Q31_A_Part_2","Q31_A","multiple_answer","Which of the following business intelligence tools do you use on a regular basis? (Select all that apply) - Selected Choice - Microsoft Power BI",28.79,"BI Tools"
"Q31","Q31_A_Part_3","Q31_A","multiple_answer","Which of the following business intelligence tools do you use on a regular basis? (Select all that apply) - Selected Choice - Google Data Studio",28.79,"BI Tools"
"Q31","Q31_A_Part_4","Q31_A","multiple_answer","Which of the following business intelligence tools do you use on a regular basis? (Select all that apply) - Selected Choice - Looker",28.79,"BI Tools"
"Q31","Q31_A_Part_5","Q31_A","multiple_answer","Which of the following business intelligence tools do you use on a regular basis? (Select all that apply) - Selected Choice - Tableau",28.79,"BI Tools"
"Q31","Q31_A_Part_6","Q31_A","multiple_answer","Which of the following business intelligence tools do you use on a regular basis? (Select all that apply) - Selected Choice - Salesforce",28.79,"BI Tools"
"Q31","Q31_A_Part_7","Q31_A","multiple_answer","Which of the following business intelligence tools do you use on a regular basis? (Select all that apply) - Selected Choice - Einstein Analytics",28.79,"BI Tools"
"Q31","Q31_A_Part_8","Q31_A","multiple_answer","Which of the following business intelligence tools do you use on a regular basis? (Select all that apply) - Selected Choice - Qlik",28.79,"BI Tools"
"Q31","Q31_A_Part_9","Q31_A","multiple_answer","Which of the following business intelligence tools do you use on a regular basis? (Select all that apply) - Selected Choice - Domo",28.79,"BI Tools"
"Q31","Q31_A_Part_10","Q31_A","multiple_answer","Which of the following business intelligence tools do you use on a regular basis? (Select all that apply) - Selected Choice - TIBCO Spotfire",28.79,"BI Tools"
"Q31","Q31_A_Part_11","Q31_A","multiple_answer","Which of the following business intelligence tools do you use on a regular basis? (Select all that apply) - Selected Choice - Alteryx ",28.79,"BI Tools"
"Q31","Q31_A_Part_12","Q31_A","multiple_answer","Which of the following business intelligence tools do you use on a regular basis? (Select all that apply) - Selected Choice - Sisense ",28.79,"BI Tools"
"Q31","Q31_A_Part_13","Q31_A","multiple_answer","Which of the following business intelligence tools do you use on a regular basis? (Select all that apply) - Selected Choice - SAP Analytics Cloud ",28.79,"BI Tools"
"Q31","Q31_A_Part_14","Q31_A","multiple_answer","Which of the following business intelligence tools do you use on a regular basis? (Select all that apply) - Selected Choice - None",28.79,"BI Tools"
"Q31","Q31_A_OTHER","Q31_A","multiple_answer","Which of the following business intelligence tools do you use on a regular basis? (Select all that apply) - Selected Choice - Other",28.79,"BI Tools"
"Q31","Q31_B_Part_1","Q31_B","multiple_answer","Which of the following business intelligence tools do you hope to become more familiar with in the next 2 years? (Select all that apply) - Selected Choice - Microsoft Power BI",28.79,"BI Tools"
"Q31","Q31_B_Part_2","Q31_B","multiple_answer","Which of the following business intelligence tools do you hope to become more familiar with in the next 2 years? (Select all that apply) - Selected Choice - Amazon QuickSight",28.79,"BI Tools"
"Q31","Q31_B_Part_3","Q31_B","multiple_answer","Which of the following business intelligence tools do you hope to become more familiar with in the next 2 years? (Select all that apply) - Selected Choice - Google Data Studio",28.79,"BI Tools"
"Q31","Q31_B_Part_4","Q31_B","multiple_answer","Which of the following business intelligence tools do you hope to become more familiar with in the next 2 years? (Select all that apply) - Selected Choice - Looker",28.79,"BI Tools"
"Q31","Q31_B_Part_5","Q31_B","multiple_answer","Which of the following business intelligence tools do you hope to become more familiar with in the next 2 years? (Select all that apply) - Selected Choice - Tableau",28.79,"BI Tools"
"Q31","Q31_B_Part_6","Q31_B","multiple_answer","Which of the following business intelligence tools do you hope to become more familiar with in the next 2 years? (Select all that apply) - Selected Choice - Salesforce",28.79,"BI Tools"
"Q31","Q31_B_Part_7","Q31_B","multiple_answer","Which of the following business intelligence tools do you hope to become more familiar with in the next 2 years? (Select all that apply) - Selected Choice - Einstein Analytics",28.79,"BI Tools"
"Q31","Q31_B_Part_8","Q31_B","multiple_answer","Which of the following business intelligence tools do you hope to become more familiar with in the next 2 years? (Select all that apply) - Selected Choice - Qlik",28.79,"BI Tools"
"Q31","Q31_B_Part_9","Q31_B","multiple_answer","Which of the following business intelligence tools do you hope to become more familiar with in the next 2 years? (Select all that apply) - Selected Choice - Domo",28.79,"BI Tools"
"Q31","Q31_B_Part_10","Q31_B","multiple_answer","Which of the following business intelligence tools do you hope to become more familiar with in the next 2 years? (Select all that apply) - Selected Choice - TIBCO Spotfire",28.79,"BI Tools"
"Q31","Q31_B_Part_11","Q31_B","multiple_answer","Which of the following business intelligence tools do you hope to become more familiar with in the next 2 years? (Select all that apply) - Selected Choice - Alteryx ",28.79,"BI Tools"
"Q31","Q31_B_Part_12","Q31_B","multiple_answer","Which of the following business intelligence tools do you hope to become more familiar with in the next 2 years? (Select all that apply) - Selected Choice - Sisense ",28.79,"BI Tools"
"Q31","Q31_B_Part_13","Q31_B","multiple_answer","Which of the following business intelligence tools do you hope to become more familiar with in the next 2 years? (Select all that apply) - Selected Choice - SAP Analytics Cloud ",28.79,"BI Tools"
"Q31","Q31_B_Part_14","Q31_B","multiple_answer","Which of the following business intelligence tools do you hope to become more familiar with in the next 2 years? (Select all that apply) - Selected Choice - None",28.79,"BI Tools"
"Q31","Q31_B_OTHER","Q31_B","multiple_answer","Which of the following business intelligence tools do you hope to become more familiar with in the next 2 years? (Select all that apply) - Selected Choice - Other",28.79,"BI Tools"
"Q32","Q32","Q32","single_answer","Which of the following business intelligence tools do you use most often? - Selected Choice",92.52,"BI Tools Most Often"
"Q33","Q33_A_Part_1","Q33_A","multiple_answer","Do you use any automated machine learning tools (or partial AutoML tools) on a regular basis?  (Select all that apply) - Selected Choice - Automated data augmentation (e.g. imgaug, albumentations)",30.52,"Auto ML Areas"
"Q33","Q33_A_Part_2","Q33_A","multiple_answer","Do you use any automated machine learning tools (or partial AutoML tools) on a regular basis?  (Select all that apply) - Selected Choice - Automated feature engineering/selection (e.g. tpot, boruta_py)",30.52,"Auto ML Areas"
"Q33","Q33_A_Part_3","Q33_A","multiple_answer","Do you use any automated machine learning tools (or partial AutoML tools) on a regular basis?  (Select all that apply) - Selected Choice - Automated model selection (e.g. auto-sklearn, xcessiv)",30.52,"Auto ML Areas"
"Q33","Q33_A_Part_4","Q33_A","multiple_answer","Do you use any automated machine learning tools (or partial AutoML tools) on a regular basis?  (Select all that apply) - Selected Choice - Automated model architecture searches (e.g. darts, enas)",30.52,"Auto ML Areas"
"Q33","Q33_A_Part_5","Q33_A","multiple_answer","Do you use any automated machine learning tools (or partial AutoML tools) on a regular basis?  (Select all that apply) - Selected Choice - Automated hyperparameter tuning (e.g. hyperopt, ray.tune, Vizier)",30.52,"Auto ML Areas"
"Q33","Q33_A_Part_6","Q33_A","multiple_answer","Do you use any automated machine learning tools (or partial AutoML tools) on a regular basis?  (Select all that apply) - Selected Choice - Automation of full ML pipelines (e.g. Google AutoML, H20 Driverless AI)",30.52,"Auto ML Areas"
"Q33","Q33_A_Part_7","Q33_A","multiple_answer","Do you use any automated machine learning tools (or partial AutoML tools) on a regular basis?  (Select all that apply) - Selected Choice - No / None",30.52,"Auto ML Areas"
"Q33","Q33_A_OTHER","Q33_A","multiple_answer","Do you use any automated machine learning tools (or partial AutoML tools) on a regular basis?  (Select all that apply) - Selected Choice - Other",30.52,"Auto ML Areas"
"Q33","Q33_B_Part_1","Q33_B","multiple_answer","Which categories of automated machine learning tools (or partial AutoML tools) do you hope to become more familiar with in the next 2 years?  (Select all that apply) - Selected Choice - Automated data augmentation (e.g. imgaug, albumentations)",30.52,"Auto ML Areas"
"Q33","Q33_B_Part_2","Q33_B","multiple_answer","Which categories of automated machine learning tools (or partial AutoML tools) do you hope to become more familiar with in the next 2 years?  (Select all that apply) - Selected Choice - Automated feature engineering/selection (e.g. tpot, boruta_py)",30.52,"Auto ML Areas"
"Q33","Q33_B_Part_3","Q33_B","multiple_answer","Which categories of automated machine learning tools (or partial AutoML tools) do you hope to become more familiar with in the next 2 years?  (Select all that apply) - Selected Choice - Automated model selection (e.g. auto-sklearn, xcessiv)",30.52,"Auto ML Areas"
"Q33","Q33_B_Part_4","Q33_B","multiple_answer","Which categories of automated machine learning tools (or partial AutoML tools) do you hope to become more familiar with in the next 2 years?  (Select all that apply) - Selected Choice - Automated model architecture searches (e.g. darts, enas)",30.52,"Auto ML Areas"
"Q33","Q33_B_Part_5","Q33_B","multiple_answer","Which categories of automated machine learning tools (or partial AutoML tools) do you hope to become more familiar with in the next 2 years?  (Select all that apply) - Selected Choice - Automated hyperparameter tuning (e.g. hyperopt, ray.tune, Vizier)",30.52,"Auto ML Areas"
"Q33","Q33_B_Part_6","Q33_B","multiple_answer","Which categories of automated machine learning tools (or partial AutoML tools) do you hope to become more familiar with in the next 2 years?  (Select all that apply) - Selected Choice - Automation of full ML pipelines (e.g. Google Cloud AutoML, H20 Driverless AI)",30.52,"Auto ML Areas"
"Q33","Q33_B_Part_7","Q33_B","multiple_answer","Which categories of automated machine learning tools (or partial AutoML tools) do you hope to become more familiar with in the next 2 years?  (Select all that apply) - Selected Choice - None",30.52,"Auto ML Areas"
"Q33","Q33_B_OTHER","Q33_B","multiple_answer","Which categories of automated machine learning tools (or partial AutoML tools) do you hope to become more familiar with in the next 2 years?  (Select all that apply) - Selected Choice - Other",30.52,"Auto ML Areas"
"Q34","Q34_A_Part_1","Q34_A","multiple_answer","Which of the following automated machine learning tools (or partial AutoML tools) do you use on a regular basis?  (Select all that apply) - Selected Choice -  Google Cloud AutoML ",63.11,"Auto ML Tools"
"Q34","Q34_A_Part_2","Q34_A","multiple_answer","Which of the following automated machine learning tools (or partial AutoML tools) do you use on a regular basis?  (Select all that apply) - Selected Choice -  H20 Driverless AI  ",63.11,"Auto ML Tools"
"Q34","Q34_A_Part_3","Q34_A","multiple_answer","Which of the following automated machine learning tools (or partial AutoML tools) do you use on a regular basis?  (Select all that apply) - Selected Choice -  Databricks AutoML ",63.11,"Auto ML Tools"
"Q34","Q34_A_Part_4","Q34_A","multiple_answer","Which of the following automated machine learning tools (or partial AutoML tools) do you use on a regular basis?  (Select all that apply) - Selected Choice -  DataRobot AutoML ",63.11,"Auto ML Tools"
"Q34","Q34_A_Part_5","Q34_A","multiple_answer","Which of the following automated machine learning tools (or partial AutoML tools) do you use on a regular basis?  (Select all that apply) - Selected Choice -   Tpot ",63.11,"Auto ML Tools"
"Q34","Q34_A_Part_6","Q34_A","multiple_answer","Which of the following automated machine learning tools (or partial AutoML tools) do you use on a regular basis?  (Select all that apply) - Selected Choice -   Auto-Keras ",63.11,"Auto ML Tools"
"Q34","Q34_A_Part_7","Q34_A","multiple_answer","Which of the following automated machine learning tools (or partial AutoML tools) do you use on a regular basis?  (Select all that apply) - Selected Choice -   Auto-Sklearn ",63.11,"Auto ML Tools"
"Q34","Q34_A_Part_8","Q34_A","multiple_answer","Which of the following automated machine learning tools (or partial AutoML tools) do you use on a regular basis?  (Select all that apply) - Selected Choice -   Auto_ml ",63.11,"Auto ML Tools"
"Q34","Q34_A_Part_9","Q34_A","multiple_answer","Which of the following automated machine learning tools (or partial AutoML tools) do you use on a regular basis?  (Select all that apply) - Selected Choice -   Xcessiv ",63.11,"Auto ML Tools"
"Q34","Q34_A_Part_10","Q34_A","multiple_answer","Which of the following automated machine learning tools (or partial AutoML tools) do you use on a regular basis?  (Select all that apply) - Selected Choice -   MLbox ",63.11,"Auto ML Tools"
"Q34","Q34_A_Part_11","Q34_A","multiple_answer","Which of the following automated machine learning tools (or partial AutoML tools) do you use on a regular basis?  (Select all that apply) - Selected Choice - No / None",63.11,"Auto ML Tools"
"Q34","Q34_A_OTHER","Q34_A","multiple_answer","Which of the following automated machine learning tools (or partial AutoML tools) do you use on a regular basis?  (Select all that apply) - Selected Choice - Other",63.11,"Auto ML Tools"
"Q34","Q34_B_Part_1","Q34_B","multiple_answer","Which specific automated machine learning tools (or partial AutoML tools) do you hope to become more familiar with in the next 2 years?  (Select all that apply) - Selected Choice -  Google Cloud AutoML ",63.11,"Auto ML Tools"
"Q34","Q34_B_Part_2","Q34_B","multiple_answer","Which specific automated machine learning tools (or partial AutoML tools) do you hope to become more familiar with in the next 2 years?  (Select all that apply) - Selected Choice -  H20 Driverless AI  ",63.11,"Auto ML Tools"
"Q34","Q34_B_Part_3","Q34_B","multiple_answer","Which specific automated machine learning tools (or partial AutoML tools) do you hope to become more familiar with in the next 2 years?  (Select all that apply) - Selected Choice -  Databricks AutoML ",63.11,"Auto ML Tools"
"Q34","Q34_B_Part_4","Q34_B","multiple_answer","Which specific automated machine learning tools (or partial AutoML tools) do you hope to become more familiar with in the next 2 years?  (Select all that apply) - Selected Choice -  DataRobot AutoML ",63.11,"Auto ML Tools"
"Q34","Q34_B_Part_5","Q34_B","multiple_answer","Which specific automated machine learning tools (or partial AutoML tools) do you hope to become more familiar with in the next 2 years?  (Select all that apply) - Selected Choice -   Tpot ",63.11,"Auto ML Tools"
"Q34","Q34_B_Part_6","Q34_B","multiple_answer","Which specific automated machine learning tools (or partial AutoML tools) do you hope to become more familiar with in the next 2 years?  (Select all that apply) - Selected Choice -   Auto-Keras ",63.11,"Auto ML Tools"
"Q34","Q34_B_Part_7","Q34_B","multiple_answer","Which specific automated machine learning tools (or partial AutoML tools) do you hope to become more familiar with in the next 2 years?  (Select all that apply) - Selected Choice -   Auto-Sklearn ",63.11,"Auto ML Tools"
"Q34","Q34_B_Part_8","Q34_B","multiple_answer","Which specific automated machine learning tools (or partial AutoML tools) do you hope to become more familiar with in the next 2 years?  (Select all that apply) - Selected Choice -   Auto_ml ",63.11,"Auto ML Tools"
"Q34","Q34_B_Part_9","Q34_B","multiple_answer","Which specific automated machine learning tools (or partial AutoML tools) do you hope to become more familiar with in the next 2 years?  (Select all that apply) - Selected Choice -   Xcessiv ",63.11,"Auto ML Tools"
"Q34","Q34_B_Part_10","Q34_B","multiple_answer","Which specific automated machine learning tools (or partial AutoML tools) do you hope to become more familiar with in the next 2 years?  (Select all that apply) - Selected Choice -   MLbox ",63.11,"Auto ML Tools"
"Q34","Q34_B_Part_11","Q34_B","multiple_answer","Which specific automated machine learning tools (or partial AutoML tools) do you hope to become more familiar with in the next 2 years?  (Select all that apply) - Selected Choice - None",63.11,"Auto ML Tools"
"Q34","Q34_B_OTHER","Q34_B","multiple_answer","Which specific automated machine learning tools (or partial AutoML tools) do you hope to become more familiar with in the next 2 years?  (Select all that apply) - Selected Choice - Other",63.11,"Auto ML Tools"
"Q35","Q35_A_Part_1","Q35_A","multiple_answer","Do you use any tools to help manage machine learning experiments? (Select all that apply) - Selected Choice -  Neptune.ai ",32.56,"Experiments Tracking"
"Q35","Q35_A_Part_2","Q35_A","multiple_answer","Do you use any tools to help manage machine learning experiments? (Select all that apply) - Selected Choice -  Weights & Biases ",32.56,"Experiments Tracking"
"Q35","Q35_A_Part_3","Q35_A","multiple_answer","Do you use any tools to help manage machine learning experiments? (Select all that apply) - Selected Choice -  Comet.ml ",32.56,"Experiments Tracking"
"Q35","Q35_A_Part_4","Q35_A","multiple_answer","Do you use any tools to help manage machine learning experiments? (Select all that apply) - Selected Choice -  Sacred + Omniboard ",32.56,"Experiments Tracking"
"Q35","Q35_A_Part_5","Q35_A","multiple_answer","Do you use any tools to help manage machine learning experiments? (Select all that apply) - Selected Choice -  TensorBoard ",32.56,"Experiments Tracking"
"Q35","Q35_A_Part_6","Q35_A","multiple_answer","Do you use any tools to help manage machine learning experiments? (Select all that apply) - Selected Choice -  Guild.ai ",32.56,"Experiments Tracking"
"Q35","Q35_A_Part_7","Q35_A","multiple_answer","Do you use any tools to help manage machine learning experiments? (Select all that apply) - Selected Choice -  Polyaxon ",32.56,"Experiments Tracking"
"Q35","Q35_A_Part_8","Q35_A","multiple_answer","Do you use any tools to help manage machine learning experiments? (Select all that apply) - Selected Choice -  Trains ",32.56,"Experiments Tracking"
"Q35","Q35_A_Part_9","Q35_A","multiple_answer","Do you use any tools to help manage machine learning experiments? (Select all that apply) - Selected Choice -  Domino Model Monitor ",32.56,"Experiments Tracking"
"Q35","Q35_A_Part_10","Q35_A","multiple_answer","Do you use any tools to help manage machine learning experiments? (Select all that apply) - Selected Choice - No / None",32.56,"Experiments Tracking"
"Q35","Q35_A_OTHER","Q35_A","multiple_answer","Do you use any tools to help manage machine learning experiments? (Select all that apply) - Selected Choice - Other",32.56,"Experiments Tracking"
"Q35","Q35_B_Part_1","Q35_B","multiple_answer","In the next 2 years, do you hope to become more familiar with any of these tools for managing ML experiments? (Select all that apply) - Selected Choice -  Neptune.ai ",32.56,"Experiments Tracking"
"Q35","Q35_B_Part_2","Q35_B","multiple_answer","In the next 2 years, do you hope to become more familiar with any of these tools for managing ML experiments? (Select all that apply) - Selected Choice -  Weights & Biases ",32.56,"Experiments Tracking"
"Q35","Q35_B_Part_3","Q35_B","multiple_answer","In the next 2 years, do you hope to become more familiar with any of these tools for managing ML experiments? (Select all that apply) - Selected Choice -  Comet.ml ",32.56,"Experiments Tracking"
"Q35","Q35_B_Part_4","Q35_B","multiple_answer","In the next 2 years, do you hope to become more familiar with any of these tools for managing ML experiments? (Select all that apply) - Selected Choice -  Sacred + Omniboard ",32.56,"Experiments Tracking"
"Q35","Q35_B_Part_5","Q35_B","multiple_answer","In the next 2 years, do you hope to become more familiar with any of these tools for managing ML experiments? (Select all that apply) - Selected Choice -  TensorBoard ",32.56,"Experiments Tracking"
"Q35","Q35_B_Part_6","Q35_B","multiple_answer","In the next 2 years, do you hope to become more familiar with any of these tools for managing ML experiments? (Select all that apply) - Selected Choice -  Guild.ai ",32.56,"Experiments Tracking"
"Q35","Q35_B_Part_7","Q35_B","multiple_answer","In the next 2 years, do you hope to become more familiar with any of these tools for managing ML experiments? (Select all that apply) - Selected Choice -  Polyaxon ",32.56,"Experiments Tracking"
"Q35","Q35_B_Part_8","Q35_B","multiple_answer","In the next 2 years, do you hope to become more familiar with any of these tools for managing ML experiments? (Select all that apply) - Selected Choice -  Trains ",32.56,"Experiments Tracking"
"Q35","Q35_B_Part_9","Q35_B","multiple_answer","In the next 2 years, do you hope to become more familiar with any of these tools for managing ML experiments? (Select all that apply) - Selected Choice -  Domino Model Monitor ",32.56,"Experiments Tracking"
"Q35","Q35_B_Part_10","Q35_B","multiple_answer","In the next 2 years, do you hope to become more familiar with any of these tools for managing ML experiments? (Select all that apply) - Selected Choice - None",32.56,"Experiments Tracking"
"Q35","Q35_B_OTHER","Q35_B","multiple_answer","In the next 2 years, do you hope to become more familiar with any of these tools for managing ML experiments? (Select all that apply) - Selected Choice - Other",32.56,"Experiments Tracking"
"Q36","Q36_Part_1","Q36","multiple_answer","Where do you publicly share or deploy your data analysis or machine learning applications? (Select all that apply) - Selected Choice -  Plotly Dash ",66.93,"Analysis Sharing Platforms"
"Q36","Q36_Part_2","Q36","multiple_answer","Where do you publicly share or deploy your data analysis or machine learning applications? (Select all that apply) - Selected Choice -  Streamlit ",66.93,"Analysis Sharing Platforms"
"Q36","Q36_Part_3","Q36","multiple_answer","Where do you publicly share or deploy your data analysis or machine learning applications? (Select all that apply) - Selected Choice -  NBViewer ",66.93,"Analysis Sharing Platforms"
"Q36","Q36_Part_4","Q36","multiple_answer","Where do you publicly share or deploy your data analysis or machine learning applications? (Select all that apply) - Selected Choice -  GitHub ",66.93,"Analysis Sharing Platforms"
"Q36","Q36_Part_5","Q36","multiple_answer","Where do you publicly share or deploy your data analysis or machine learning applications? (Select all that apply) - Selected Choice -  Personal blog ",66.93,"Analysis Sharing Platforms"
"Q36","Q36_Part_6","Q36","multiple_answer","Where do you publicly share or deploy your data analysis or machine learning applications? (Select all that apply) - Selected Choice -  Kaggle ",66.93,"Analysis Sharing Platforms"
"Q36","Q36_Part_7","Q36","multiple_answer","Where do you publicly share or deploy your data analysis or machine learning applications? (Select all that apply) - Selected Choice -  Colab ",66.93,"Analysis Sharing Platforms"
"Q36","Q36_Part_8","Q36","multiple_answer","Where do you publicly share or deploy your data analysis or machine learning applications? (Select all that apply) - Selected Choice -  Shiny ",66.93,"Analysis Sharing Platforms"
"Q36","Q36_Part_9","Q36","multiple_answer","Where do you publicly share or deploy your data analysis or machine learning applications? (Select all that apply) - Selected Choice - I do not share my work publicly",66.93,"Analysis Sharing Platforms"
"Q36","Q36_OTHER","Q36","multiple_answer","Where do you publicly share or deploy your data analysis or machine learning applications? (Select all that apply) - Selected Choice - Other",66.93,"Analysis Sharing Platforms"
"Q37","Q37_Part_1","Q37","multiple_answer","On which platforms have you begun or completed data science courses? (Select all that apply) - Selected Choice - Coursera",30.96,"DS Course Platforms"
"Q37","Q37_Part_2","Q37","multiple_answer","On which platforms have you begun or completed data science courses? (Select all that apply) - Selected Choice - edX",30.96,"DS Course Platforms"
"Q37","Q37_Part_3","Q37","multiple_answer","On which platforms have you begun or completed data science courses? (Select all that apply) - Selected Choice - Kaggle Learn Courses",30.96,"DS Course Platforms"
"Q37","Q37_Part_4","Q37","multiple_answer","On which platforms have you begun or completed data science courses? (Select all that apply) - Selected Choice - DataCamp",30.96,"DS Course Platforms"
"Q37","Q37_Part_5","Q37","multiple_answer","On which platforms have you begun or completed data science courses? (Select all that apply) - Selected Choice - Fast.ai",30.96,"DS Course Platforms"
"Q37","Q37_Part_6","Q37","multiple_answer","On which platforms have you begun or completed data science courses? (Select all that apply) - Selected Choice - Udacity",30.96,"DS Course Platforms"
"Q37","Q37_Part_7","Q37","multiple_answer","On which platforms have you begun or completed data science courses? (Select all that apply) - Selected Choice - Udemy",30.96,"DS Course Platforms"
"Q37","Q37_Part_8","Q37","multiple_answer","On which platforms have you begun or completed data science courses? (Select all that apply) - Selected Choice - LinkedIn Learning",30.96,"DS Course Platforms"
"Q37","Q37_Part_9","Q37","multiple_answer","On which platforms have you begun or completed data science courses? (Select all that apply) - Selected Choice - Cloud-certification programs (direct from AWS, Azure, GCP, or similar)",30.96,"DS Course Platforms"
"Q37","Q37_Part_10","Q37","multiple_answer","On which platforms have you begun or completed data science courses? (Select all that apply) - Selected Choice - University Courses (resulting in a university degree)",30.96,"DS Course Platforms"
"Q37","Q37_Part_11","Q37","multiple_answer","On which platforms have you begun or completed data science courses? (Select all that apply) - Selected Choice - None",30.96,"DS Course Platforms"
"Q37","Q37_OTHER","Q37","multiple_answer","On which platforms have you begun or completed data science courses? (Select all that apply) - Selected Choice - Other",30.96,"DS Course Platforms"
"Q38","Q38","Q38","single_answer","What is the primary tool that you use at work or school to analyze data? (Include text response) - Selected Choice",33.67,"Data Analysis Tools"
"Q39","Q39_Part_1","Q39","multiple_answer","Who/what are your favorite media sources that report on data science topics? (Select all that apply) - Selected Choice - Twitter (data science influencers)",34.36,"Data Science Media Sources"
"Q39","Q39_Part_2","Q39","multiple_answer","Who/what are your favorite media sources that report on data science topics? (Select all that apply) - Selected Choice - Email newsletters (Data Elixir, O'Reilly Data & AI, etc)",34.36,"Data Science Media Sources"
"Q39","Q39_Part_3","Q39","multiple_answer","Who/what are your favorite media sources that report on data science topics? (Select all that apply) - Selected Choice - Reddit (r/machinelearning, etc)",34.36,"Data Science Media Sources"
"Q39","Q39_Part_4","Q39","multiple_answer","Who/what are your favorite media sources that report on data science topics? (Select all that apply) - Selected Choice - Kaggle (notebooks, forums, etc)",34.36,"Data Science Media Sources"
"Q39","Q39_Part_5","Q39","multiple_answer","Who/what are your favorite media sources that report on data science topics? (Select all that apply) - Selected Choice - Course Forums (forums.fast.ai, Coursera forums, etc)",34.36,"Data Science Media Sources"
"Q39","Q39_Part_6","Q39","multiple_answer","Who/what are your favorite media sources that report on data science topics? (Select all that apply) - Selected Choice - YouTube (Kaggle YouTube, Cloud AI Adventures, etc)",34.36,"Data Science Media Sources"
"Q39","Q39_Part_7","Q39","multiple_answer","Who/what are your favorite media sources that report on data science topics? (Select all that apply) - Selected Choice - Podcasts (Chai Time Data Science, OReilly Data Show, etc)",34.36,"Data Science Media Sources"
"Q39","Q39_Part_8","Q39","multiple_answer","Who/what are your favorite media sources that report on data science topics? (Select all that apply) - Selected Choice - Blogs (Towards Data Science, Analytics Vidhya, etc)",34.36,"Data Science Media Sources"
"Q39","Q39_Part_9","Q39","multiple_answer","Who/what are your favorite media sources that report on data science topics? (Select all that apply) - Selected Choice - Journal Publications (peer-reviewed journals, conference proceedings, etc)",34.36,"Data Science Media Sources"
"Q39","Q39_Part_10","Q39","multiple_answer","Who/what are your favorite media sources that report on data science topics? (Select all that apply) - Selected Choice - Slack Communities (ods.ai, kagglenoobs, etc)",34.36,"Data Science Media Sources"
"Q39","Q39_Part_11","Q39","multiple_answer","Who/what are your favorite media sources that report on data science topics? (Select all that apply) - Selected Choice - None",34.36,"Data Science Media Sources"
"Q39","Q39_OTHER","Q39","multiple_answer","Who/what are your favorite media sources that report on data science topics? (Select all that apply) - Selected Choice - Other",34.36,"Data Science Media Sources"
"Q4","Q4","Q4","single_answer","What is the highest level of formal education that you have attained or plan to attain within the next 2 years?",2.33,"education"
"Q5","Q5","Q5","single_answer","Select the title most similar to your current role (or most recent title if retired): - Selected Choice",3.79,"current role"
"Q6","Q6","Q6","single_answer","For how many years have you been writing code and/or programming?",4.57,"coding experience"
"Q7","Q7_Part_1","Q7","multiple_answer","What programming languages do you use on a regular basis? (Select all that apply) - Selected Choice - Python",10.62,"programming languages"
"Q7","Q7_Part_2","Q7","multiple_answer","What programming languages do you use on a regular basis? (Select all that apply) - Selected Choice - R",10.62,"programming languages"
"Q7","Q7_Part_3","Q7","multiple_answer","What programming languages do you use on a regular basis? (Select all that apply) - Selected Choice - SQL",10.62,"programming languages"
"Q7","Q7_Part_4","Q7","multiple_answer","What programming languages do you use on a regular basis? (Select all that apply) - Selected Choice - C",10.62,"programming languages"
"Q7","Q7_Part_5","Q7","multiple_answer","What programming languages do you use on a regular basis? (Select all that apply) - Selected Choice - C++",10.62,"programming languages"
"Q7","Q7_Part_6","Q7","multiple_answer","What programming languages do you use on a regular basis? (Select all that apply) - Selected Choice - Java",10.62,"programming languages"
"Q7","Q7_Part_7","Q7","multiple_answer","What programming languages do you use on a regular basis? (Select all that apply) - Selected Choice - Javascript",10.62,"programming languages"
"Q7","Q7_Part_8","Q7","multiple_answer","What programming languages do you use on a regular basis? (Select all that apply) - Selected Choice - Julia",10.62,"programming languages"
"Q7","Q7_Part_9","Q7","multiple_answer","What programming languages do you use on a regular basis? (Select all that apply) - Selected Choice - Swift",10.62,"programming languages"
"Q7","Q7_Part_10","Q7","multiple_answer","What programming languages do you use on a regular basis? (Select all that apply) - Selected Choice - Bash",10.62,"programming languages"
"Q7","Q7_Part_11","Q7","multiple_answer","What programming languages do you use on a regular basis? (Select all that apply) - Selected Choice - MATLAB",10.62,"programming languages"
"Q7","Q7_Part_12","Q7","multiple_answer","What programming languages do you use on a regular basis? (Select all that apply) - Selected Choice - None",10.62,"programming languages"
"Q7","Q7_OTHER","Q7","multiple_answer","What programming languages do you use on a regular basis? (Select all that apply) - Selected Choice - Other",10.62,"programming languages"
"Q8","Q8","Q8","single_answer","What programming language would you recommend an aspiring data scientist to learn first? - Selected Choice",11.05,"programming language recommendation"
"Q9","Q9_Part_1","Q9","multiple_answer","Which of the following integrated development environments (IDE's) do you use on a regular basis?  (Select all that apply) - Selected Choice - Jupyter (JupyterLab, Jupyter Notebooks, etc) ",12.29,"IDE"
"Q9","Q9_Part_2","Q9","multiple_answer","Which of the following integrated development environments (IDE's) do you use on a regular basis?  (Select all that apply) - Selected Choice -  RStudio ",12.29,"IDE"
"Q9","Q9_Part_3","Q9","multiple_answer","Which of the following integrated development environments (IDE's) do you use on a regular basis?  (Select all that apply) - Selected Choice -  Visual Studio / Visual Studio Code ",12.29,"IDE"
"Q9","Q9_Part_4","Q9","multiple_answer","Which of the following integrated development environments (IDE's) do you use on a regular basis?  (Select all that apply) - Selected Choice - Click to write Choice 13",12.29,"IDE"
"Q9","Q9_Part_5","Q9","multiple_answer","Which of the following integrated development environments (IDE's) do you use on a regular basis?  (Select all that apply) - Selected Choice -  PyCharm ",12.29,"IDE"
"Q9","Q9_Part_6","Q9","multiple_answer","Which of the following integrated development environments (IDE's) do you use on a regular basis?  (Select all that apply) - Selected Choice -   Spyder  ",12.29,"IDE"
"Q9","Q9_Part_7","Q9","multiple_answer","Which of the following integrated development environments (IDE's) do you use on a regular basis?  (Select all that apply) - Selected Choice -   Notepad++  ",12.29,"IDE"
"Q9","Q9_Part_8","Q9","multiple_answer","Which of the following integrated development environments (IDE's) do you use on a regular basis?  (Select all that apply) - Selected Choice -   Sublime Text  ",12.29,"IDE"
"Q9","Q9_Part_9","Q9","multiple_answer","Which of the following integrated development environments (IDE's) do you use on a regular basis?  (Select all that apply) - Selected Choice -   Vim / Emacs  ",12.29,"IDE"
"Q9","Q9_Part_10","Q9","multiple_answer","Which of the following integrated development environments (IDE's) do you use on a regular basis?  (Select all that apply) - Selected Choice -  MATLAB ",12.29,"IDE"
"Q9","Q9_Part_11","Q9","multiple_answer","Which of the following integrated development environments (IDE's) do you use on a regular basis?  (Select all that apply) - Selected Choice - None",12.29,"IDE"
"Q9","Q9_OTHER","Q9","multiple_answer","Which of the following integrated development environments (IDE's) do you use on a regular basis?  (Select all that apply) - Selected Choice - Other",12.29,"IDE"
